{"cameraMode":{"drawMode":0,"name":"Shaded","section":"Shading Mode"},"sceneLighting":false,"audioPlay":false,"sceneViewState":{"showFog":false,"showMaterialUpdate":false,"showSkybox":false,"showFlares":false,"showImageEffects":false,"showParticleSystems":false,"showVisualEffectGraphs":true,"m_FxEnabled":true},"in2DMode":false,"pivot":{"x":-5.893791198730469,"y":12.790961265563965,"z":0.036586761474609378},"rotation":{"x":-0.009962261654436589,"y":0.9878101348876953,"z":-0.07124485820531845,"w":-0.13808618485927583},"size":6.497303009033203,"orthographic":false}