{"cameraMode":{"drawMode":0,"name":"Shaded","section":"Shading Mode"},"sceneLighting":true,"audioPlay":false,"sceneViewState":{"showFog":true,"showMaterialUpdate":false,"showSkybox":true,"showFlares":true,"showImageEffects":true,"showParticleSystems":true,"showVisualEffectGraphs":true,"m_FxEnabled":true},"in2DMode":false,"pivot":{"x":-2.4055185317993166,"y":-1.2792339324951172,"z":12.874313354492188},"rotation":{"x":0.20810122787952424,"y":0.12868350744247437,"z":-0.027630575001239778,"w":0.9692153930664063},"size":24.45025062561035,"orthographic":false}