{"cameraMode":{"drawMode":0,"name":"Shaded","section":"Shading Mode"},"sceneLighting":true,"audioPlay":false,"sceneViewState":{"showFog":true,"showMaterialUpdate":false,"showSkybox":true,"showFlares":true,"showImageEffects":true,"showParticleSystems":true,"showVisualEffectGraphs":true,"m_FxEnabled":true},"in2DMode":false,"pivot":{"x":16.55990982055664,"y":87.81419372558594,"z":-122.29708862304688},"rotation":{"x":0.17897146940231324,"y":0.025085296481847764,"z":-0.00456476304680109,"w":0.9835240244865418},"size":4.453890800476074,"orthographic":false}