{"cameraMode":{"drawMode":0,"name":"Shaded","section":"Shading Mode"},"sceneLighting":true,"audioPlay":false,"sceneViewState":{"showFog":true,"showMaterialUpdate":false,"showSkybox":true,"showFlares":true,"showImageEffects":true,"showParticleSystems":true,"showVisualEffectGraphs":true,"m_FxEnabled":true},"in2DMode":false,"pivot":{"x":480.8573913574219,"y":260.35357666015627,"z":-56.25604248046875},"rotation":{"x":0.055460114032030109,"y":0.02096518687903881,"z":-0.001165331224910915,"w":0.9982467889785767},"size":355.1517639160156,"orthographic":false}