{"cameraMode":{"drawMode":0,"name":"Shaded","section":"Shading Mode"},"sceneLighting":true,"audioPlay":false,"sceneViewState":{"showFog":true,"showMaterialUpdate":false,"showSkybox":true,"showFlares":true,"showImageEffects":true,"showParticleSystems":true,"showVisualEffectGraphs":true,"m_FxEnabled":true},"in2DMode":false,"pivot":{"x":224.09539794921876,"y":218.02151489257813,"z":43.38482666015625},"rotation":{"x":0.1884157806634903,"y":0.1554214209318161,"z":-0.030213119462132455,"w":0.9692434072494507},"size":209.26443481445313,"orthographic":false}