{"cameraMode":{"drawMode":0,"name":"Shaded","section":"Shading Mode"},"sceneLighting":true,"audioPlay":false,"sceneViewState":{"showFog":true,"showMaterialUpdate":false,"showSkybox":true,"showFlares":true,"showImageEffects":true,"showParticleSystems":true,"showVisualEffectGraphs":true,"m_FxEnabled":true},"in2DMode":false,"pivot":{"x":442.0012512207031,"y":326.8824157714844,"z":320.7066650390625},"rotation":{"x":0.008998855017125607,"y":0.013498993590474129,"z":-0.00012141920888097957,"w":0.9998705983161926},"size":440.6851501464844,"orthographic":false}