{"cameraMode":{"drawMode":0,"name":"Shaded","section":"Shading Mode"},"sceneLighting":true,"audioPlay":false,"sceneViewState":{"showFog":true,"showMaterialUpdate":false,"showSkybox":true,"showFlares":true,"showImageEffects":true,"showParticleSystems":true,"showVisualEffectGraphs":true,"m_FxEnabled":true},"in2DMode":false,"pivot":{"x":474.09332275390627,"y":389.03277587890627,"z":-2.92279052734375},"rotation":{"x":0.055460114032030109,"y":0.02096518687903881,"z":-0.001165331224910915,"w":0.9982467889785767},"size":506.96185302734377,"orthographic":false}