{"cameraMode":{"drawMode":0,"name":"Shaded","section":"Shading Mode"},"sceneLighting":true,"audioPlay":false,"sceneViewState":{"showFog":true,"showMaterialUpdate":false,"showSkybox":true,"showFlares":true,"showImageEffects":true,"showParticleSystems":true,"showVisualEffectGraphs":true,"m_FxEnabled":true},"in2DMode":false,"pivot":{"x":391.2360534667969,"y":247.31944274902345,"z":-81.28167724609375},"rotation":{"x":0.17897146940231324,"y":0.025085296481847764,"z":-0.00456476304680109,"w":0.9835240244865418},"size":241.0335235595703,"orthographic":false}